timestamp,status,confidence,mean_ear,min_ear,std_ear,perclos,longest_eye_close,mean_mar,max_mar,std_mar,mouth_open_ratio,brightness,contrast,sharpness
2026-06-19T22:56:34,NORMAL,0.95,0.38466633232622427,0.06302204973865587,0.1594086394493511,0.06666666666666667,1,0.025820050592445316,0.05711954779775398,0.021410492941670755,0.0,162.097333984375,93.19756625670871,77.21703677024843
2026-06-19T22:56:34,NORMAL,0.95,0.3931587426861756,0.06302204973865587,0.15529768194970192,0.06666666666666667,1,0.027717853733477224,0.05711954779775398,0.021560484871047052,0.0,162.04305013020834,93.26213280622794,78.54467449568642
2026-06-19T22:56:34,NORMAL,0.95,0.39366747694896537,0.06302204973865587,0.15461092294131978,0.06666666666666667,1,0.027809148393273506,0.05711954779775398,0.02152711114500406,0.0,164.22981119791666,92.4726054907095,73.47982954320908
2026-06-19T22:56:35,NORMAL,0.95,0.39459755888477854,0.06302204973865587,0.1533135821112389,0.06666666666666667,1,0.027809148393273496,0.05711954779775398,0.02152711114500406,0.0,166.37720052083333,91.77794880271486,74.84962315876218
2026-06-19T22:56:35,NORMAL,0.95,0.3969954879975924,0.06302204973865587,0.15029892628815228,0.06666666666666667,1,0.02719197025973947,0.05711954779775398,0.022043927430168423,0.0,162.75986328125,90.77245710275167,82.81581209817462
2026-06-19T22:56:35,NORMAL,0.95,0.3977388034253028,0.06302204973865587,0.14923229696861823,0.06666666666666667,1,0.027808303811100832,0.05711954779775398,0.021527476250099868,0.0,162.672490234375,90.86992989916665,82.65058250824609
2026-06-19T22:56:36,NORMAL,0.95,0.39826973082098927,0.06302204973865587,0.14847068861257545,0.06666666666666667,1,0.027808303811100832,0.05711954779775398,0.021527476250099868,0.0,162.15587565104167,91.31661418575003,82.24301594946118
2026-06-19T22:56:36,NORMAL,0.95,0.4033666156353358,0.1466168166375288,0.13921018840981514,0.03333333333333333,1,0.026574581794104823,0.05711954779775398,0.02201961617651203,0.0,162.22577799479166,91.32622560514281,82.68505693807602
2026-06-19T22:56:36,NORMAL,0.95,0.3965185526474687,0.1466168166375288,0.1438735030634435,0.03333333333333333,1,0.025763741368420624,0.05711954779775398,0.022529484213268124,0.0,162.230625,91.26677779332435,84.17016856484942
2026-06-19T22:56:37,NORMAL,0.95,0.3869779170319806,0.1466168166375288,0.1480737149715509,0.03333333333333333,1,0.025763741368420624,0.05711954779775398,0.022529484213268124,0.0,162.26956705729165,91.25255618356077,86.4504436850548
2026-06-19T22:56:37,NORMAL,0.95,0.3882123288225561,0.18364917035479442,0.14620740512854846,0.0,0,0.025763741368420624,0.05711954779775398,0.022529484213268124,0.0,162.304521484375,91.25117549399211,83.12431494088703
2026-06-19T22:56:37,NORMAL,0.95,0.38617385941933763,0.17337008167839768,0.14874033725363148,0.0,0,0.025763741368420624,0.05711954779775398,0.022529484213268124,0.0,161.43234700520833,91.71356675387851,76.36022847476535
2026-06-19T22:56:38,NORMAL,0.95,0.3847428055003657,0.17337008167839768,0.1499401697550854,0.0,0,0.025763741368420624,0.05711954779775398,0.022529484213268124,0.0,164.18719075520832,90.38601734142911,64.75353404107624
2026-06-19T22:56:38,NORMAL,0.95,0.38091649808041617,0.1433105111439571,0.1545179063480209,0.03333333333333333,1,0.025763741368420624,0.05711954779775398,0.022529484213268124,0.0,162.4984765625,90.48300739136265,78.25846972821554
2026-06-19T22:56:38,NORMAL,0.95,0.3706262651698878,0.1433105111439571,0.15840931146935489,0.03333333333333333,1,0.025763741368420627,0.05711954779775398,0.022529484213268124,0.0,164.5364453125,91.70888816867769,78.30018841853672
2026-06-19T22:56:39,NORMAL,0.95,0.3594924730188278,0.1421319596442015,0.16229209781591186,0.06666666666666667,1,0.024755490361722452,0.05711954779775398,0.02297861228164565,0.0,164.02787760416666,91.41691214980877,77.24294143320719
2026-06-19T22:56:39,NORMAL,0.95,0.3455563495274256,0.1263934894611592,0.16375297181319634,0.1,2,0.023446538259101344,0.05711954779775398,0.02323166160427058,0.0,163.87332682291665,91.57901021937491,74.52446575774086
2026-06-19T22:56:39,NORMAL,0.95,0.3325415871802951,0.1263934894611592,0.15852304372566342,0.1,2,0.02217247198669315,0.05711954779775398,0.02343361681933685,0.0,164.18433919270834,91.46374320897,76.73468022451401
2026-06-19T22:56:40,NORMAL,0.95,0.32232254133584753,0.1263934894611592,0.15668039309872203,0.1,2,0.02086351988407204,0.05711954779775398,0.02353860193542606,0.0,164.64466145833333,91.38919786179814,79.01230064136718
2026-06-19T22:56:40,NORMAL,0.95,0.3121986529766136,0.1263934894611592,0.15407301397572462,0.1,2,0.01895953495748024,0.05711954779775398,0.02282834902490616,0.0,164.86111002604167,91.45971191149964,78.7452783870697
2026-06-19T22:56:40,NORMAL,0.95,0.3031622019076699,0.1263934894611592,0.14755001302169055,0.1,2,0.018619348101949908,0.05711954779775398,0.022792204869688023,0.0,166.95705729166667,90.7282814041399,80.8665587011973
2026-06-19T22:56:41,NORMAL,0.95,0.29441759614911284,0.1263934894611592,0.14130047282246802,0.1,2,0.016820172834783223,0.05711954779775398,0.02204848210448755,0.0,166.78646809895832,90.77490938033178,82.25093471475178
2026-06-19T22:56:41,NORMAL,0.95,0.2862377140927009,0.1263934894611592,0.13429244885068103,0.1,2,0.015066394028901036,0.05711954779775398,0.02120814337161402,0.0,166.79944010416668,90.75767258915964,80.79496029218038
2026-06-19T22:56:41,NORMAL,0.95,0.2778058039011431,0.1263934894611592,0.12809989640147942,0.1,2,0.014165821983970539,0.05711954779775398,0.021255120831935738,0.0,166.920302734375,90.65898141229937,80.05719213850233
2026-06-19T22:56:42,NORMAL,0.95,0.26932167364591486,0.1263934894611592,0.1225624941885671,0.1,2,0.01321499214166199,0.05711954779775398,0.021229515658318925,0.0,166.58589192708334,90.71356476410945,80.17485708362791
2026-06-19T22:56:42,NORMAL,0.95,0.2591524861729257,0.1263934894611592,0.1139251888873497,0.1,2,0.01131100721507019,0.057049790538512946,0.019713820283013727,0.0,167.134453125,90.39966696255307,80.25762365006341
2026-06-19T22:56:42,NORMAL,0.95,0.25041400164759814,0.1263934894611592,0.10457820173495436,0.1,2,0.009462006560986093,0.057049790538512946,0.018013326279343485,0.0,167.06696940104166,90.28664997765654,80.15809029870563
2026-06-19T22:56:44,SONOLENTO,0.7933333333333333,0.24240383230136828,0.1263934894611592,0.09508672239346633,0.1,2,0.0075603468763689955,0.056934094230957195,0.015759484770520516,0.0,166.75954427083335,90.17061158027632,81.31582932017645
2026-06-19T22:56:44,SONOLENTO,0.7933333333333333,0.23569392416717574,0.1263934894611592,0.08609193726153751,0.1,2,0.006608354413073095,0.056934094230957195,0.015318654234930104,0.0,165.49902669270833,90.11414534778103,82.49050137599309
2026-06-19T22:56:44,SONOLENTO,0.7933333333333333,0.22838778973876858,0.1263934894611592,0.0739180977659048,0.1,2,0.005657524570764546,0.056934094230957195,0.014805458779740165,0.0,165.385478515625,90.1473673595678,79.93337326048744
2026-06-19T22:56:45,SONOLENTO,0.7933333333333333,0.2215882891414374,0.1263934894611592,0.05799988178875468,0.1,2,0.0037597214297326394,0.056934094230957195,0.01135887256090505,0.0,165.531455078125,89.94444726558385,79.0200689670139
2026-06-19T22:56:45,SONOLENTO,0.8333333333333334,0.2183385592367316,0.1263934894611592,0.04743266100987383,0.1,2,0.002389955565223916,0.021257358312406823,0.006145128280105411,0.0,165.53461263020833,90.02842364322824,77.47926998456319
2026-06-19T22:56:45,SONOLENTO,0.92,0.2241181698672581,0.1263934894611592,0.053968176185131174,0.1,2,0.001681376954810355,0.018490006540840973,0.005058156907852932,0.0,165.28479817708333,90.554147428822,61.7434921643469
2026-06-19T22:56:46,SONOLENTO,0.92,0.22961876577047907,0.1263934894611592,0.05874744979006801,0.1,2,0.001681376954810355,0.018490006540840973,0.005058156907852932,0.0,155.647421875,92.2791689988249,73.29132608539794
2026-06-19T22:56:46,SONOLENTO,0.92,0.23226063870223482,0.1263934894611592,0.06093734131516746,0.1,2,0.0021926869473752686,0.018490006540840973,0.0056077839628805035,0.0,157.17047526041668,91.99771711902785,73.89581200561523
2026-06-19T22:56:46,SONOLENTO,0.92,0.23664720331174774,0.1263934894611592,0.06270789150707723,0.1,2,0.0015763533960139033,0.0161101838077742,0.0047301390675532655,0.0,156.68627278645835,91.8724928957875,84.39272923608355
2026-06-19T22:56:47,SONOLENTO,0.92,0.2413213987764295,0.1263934894611592,0.0644409296483289,0.1,2,0.0015763533960139033,0.0161101838077742,0.0047301390675532655,0.0,160.40098307291666,92.9535657085828,88.92465011592441
2026-06-19T22:56:47,SONOLENTO,0.92,0.24527781875725144,0.1263934894611592,0.06637506103786404,0.1,2,0.0015763533960139033,0.0161101838077742,0.0047301390675532655,0.0,160.86707682291666,93.03982944944104,90.88872794999016
2026-06-19T22:56:47,SONOLENTO,0.92,0.24955275640493246,0.1263934894611592,0.06749559497167007,0.1,2,0.0015763533960139033,0.0161101838077742,0.0047301390675532655,0.0,161.05996419270832,93.27543948959922,89.75714200842116
2026-06-19T22:56:48,NORMAL,0.95,0.2544258799117161,0.1263934894611592,0.06789024863090969,0.1,2,0.0021225080096932635,0.01638463841038081,0.005413188638649471,0.0,161.56039388020832,93.03199749014485,92.37868370357091
2026-06-19T22:56:48,NORMAL,0.95,0.25915645248741986,0.1263934894611592,0.06773793860633567,0.1,2,0.002635085939476163,0.01638463841038081,0.005894578662076408,0.0,161.66931966145833,93.04117310121451,89.59799001528422
2026-06-19T22:56:48,NORMAL,0.95,0.26404533708617683,0.1263934894611592,0.06665405898031766,0.1,2,0.0031556651457715166,0.01638463841038081,0.006313603907468959,0.0,161.3808203125,93.2833543975581,89.65139270523919
2026-06-19T22:56:49,NORMAL,0.95,0.2680907031995085,0.1263934894611592,0.06865091205904555,0.1,2,0.003155665145771516,0.01638463841038081,0.006313603907468959,0.0,161.62589192708333,93.11670256756318,89.56362414207459
2026-06-19T22:56:49,NORMAL,0.95,0.2746940598134765,0.1263934894611592,0.06579921543681329,0.06666666666666667,2,0.003155665145771516,0.01638463841038081,0.006313603907468959,0.0,161.57063802083334,93.17538257405813,89.30636092626783
2026-06-19T22:56:49,NORMAL,0.95,0.2809902848793095,0.1263934894611592,0.06374328965516128,0.06666666666666667,2,0.0031556651457715166,0.01638463841038081,0.006313603907468959,0.0,161.46151692708332,93.37185962641402,91.01061982802285
2026-06-19T22:56:50,NORMAL,0.95,0.28727204740950946,0.1263934894611592,0.058847366986248886,0.03333333333333333,1,0.0031556651457715166,0.01638463841038081,0.006313603907468959,0.0,161.57222005208334,93.2980971617517,92.18349809566074
2026-06-19T22:56:50,NORMAL,0.95,0.28571771394539014,0.07976348553757903,0.0635074253673047,0.03333333333333333,1,0.0037014535813247773,0.01638463841038081,0.006712347479790713,0.0,161.72143880208333,93.17488821019283,89.80769016213947
2026-06-19T22:56:50,NORMAL,0.95,0.28722327718092855,0.07976348553757903,0.06218244992189921,0.03333333333333333,1,0.004238808481507411,0.01638463841038081,0.007032167420060777,0.0,161.73434895833333,93.22029514499455,91.6917472075992
2026-06-19T22:56:51,NORMAL,0.95,0.2894997619102556,0.07976348553757903,0.06026190185672452,0.03333333333333333,1,0.004238808481507411,0.01638463841038081,0.007032167420060777,0.0,161.86525716145835,93.2033684438998,89.62916994424397
2026-06-19T22:56:51,NORMAL,0.95,0.29218718350454215,0.07976348553757903,0.058215301170071135,0.03333333333333333,1,0.004238808481507411,0.01638463841038081,0.007032167420060777,0.0,161.977451171875,93.15448845904301,91.17966381628248
2026-06-19T22:56:51,NORMAL,0.95,0.29237461558587385,0.07976348553757903,0.05818801860275563,0.03333333333333333,1,0.0037018023545816047,0.01638463841038081,0.00671299246860905,0.0,161.80342447916667,93.2588368382814,88.51173241356743
2026-06-19T22:56:52,NORMAL,0.95,0.2929146603468092,0.07976348553757903,0.05806067137238959,0.03333333333333333,1,0.0037018023545816047,0.01638463841038081,0.00671299246860905,0.0,161.91349934895834,93.25235681816613,95.23725732242796
2026-06-19T22:56:52,NORMAL,0.95,0.29289287613325155,0.07976348553757903,0.05806350235735829,0.03333333333333333,1,0.0037018023545816047,0.01638463841038081,0.00671299246860905,0.0,162.04015625,93.16152179244348,88.69242511493896
2026-06-19T22:56:52,NORMAL,0.95,0.2937513398820934,0.07976348553757903,0.05763986059644783,0.03333333333333333,1,0.003701802354581605,0.01638463841038081,0.006712992468609049,0.0,162.12935872395835,93.12692591712485,93.25897622002496
2026-06-19T22:56:53,NORMAL,0.95,0.29460240919926506,0.07976348553757903,0.05684730088202075,0.03333333333333333,1,0.004238808481507412,0.01638463841038081,0.007032167420060777,0.0,162.23591796875,93.07096230136231,92.47426418304444
2026-06-19T22:56:53,NORMAL,0.95,0.29643652005051796,0.07976348553757903,0.05501496865761002,0.03333333333333333,1,0.004238808481507411,0.01638463841038081,0.007032167420060777,0.0,162.230751953125,93.089016602388,91.74061035139296
2026-06-19T22:56:53,NORMAL,0.95,0.2958320732265908,0.07976348553757903,0.05572059181220486,0.03333333333333333,1,0.004238808481507412,0.01638463841038081,0.007032167420060777,0.0,162.31662760416665,93.03428478468452,91.60890257055495
2026-06-19T22:56:54,NORMAL,0.95,0.2955412715545887,0.07976348553757903,0.056009482760060486,0.03333333333333333,1,0.004238808481507412,0.01638463841038081,0.007032167420060776,0.0,162.30585286458333,93.02787921261056,91.88635973290337
2026-06-19T22:56:54,NORMAL,0.95,0.29517358202008376,0.07976348553757903,0.05627822641376643,0.03333333333333333,1,0.004238808481507412,0.01638463841038081,0.007032167420060777,0.0,162.30332682291666,93.02743657857162,93.12413325194252
2026-06-19T22:56:54,NORMAL,0.95,0.2950913799468741,0.07976348553757903,0.056337509313077315,0.03333333333333333,1,0.004238808481507411,0.01638463841038081,0.007032167420060777,0.0,162.240234375,93.01665251726695,92.44583178876242
2026-06-19T22:56:55,NORMAL,0.95,0.29400764397151213,0.07976348553757903,0.05697627816474625,0.03333333333333333,1,0.004238808481507411,0.01638463841038081,0.007032167420060777,0.0,162.41054361979167,92.95116702862381,91.32184779611164
2026-06-19T22:56:55,NORMAL,0.95,0.2908103122297142,0.07976348553757903,0.05684890632159984,0.03333333333333333,1,0.0037107712049842282,0.01638463841038081,0.0067293649082942955,0.0,162.45146158854166,92.92213029720385,91.33276762046815
2026-06-19T22:56:55,NORMAL,0.95,0.28383085685554243,0.07976348553757903,0.060044292733200035,0.03333333333333333,1,0.004239272865155889,0.01638463841038081,0.00703293400534953,0.0,162.63532877604166,92.88742230560986,93.41949012650383
2026-06-19T22:56:56,NORMAL,0.95,0.2792798019053435,0.07976348553757903,0.059394735849109405,0.03333333333333333,1,0.004239272865155888,0.01638463841038081,0.007032934005349531,0.0,162.59731770833332,92.91524690484681,88.5746396967464
2026-06-19T22:56:56,NORMAL,0.95,0.27042928115118603,0.054656510453342716,0.07124266703386906,0.06666666666666667,1,0.004282287960289091,0.016629752630943483,0.0071042773597781,0.0,162.745712890625,92.78313001305318,88.64902810489866
2026-06-19T22:56:56,NORMAL,0.95,0.26513890618154407,0.054656510453342716,0.07285323729449307,0.06666666666666667,1,0.0042822879602890905,0.016629752630943483,0.0071042773597781,0.0,163.047841796875,92.56888563018092,87.33916974782943
2026-06-19T22:56:57,NORMAL,0.95,0.25971718199082716,0.054656510453342716,0.07367358977288074,0.06666666666666667,1,0.004282287960289091,0.016629752630943483,0.0071042773597781,0.0,162.96597981770833,92.57447279109437,85.90221934611002
2026-06-19T22:56:57,NORMAL,0.95,0.2549014065584367,0.054656510453342716,0.07334108759579894,0.06666666666666667,1,0.0042822879602890905,0.016629752630943483,0.0071042773597781,0.0,163.0173828125,92.58542503173261,87.51860638909871
2026-06-19T22:56:57,SONOLENTO,0.94,0.2498515784627252,0.054656510453342716,0.07327493537308263,0.06666666666666667,1,0.004282287960289091,0.016629752630943483,0.0071042773597781,0.0,162.81993489583334,92.79360226939774,89.71567316483392
2026-06-19T22:56:58,SONOLENTO,0.9533333333333334,0.2444962742904045,0.054656510453342716,0.07305059751607128,0.06666666666666667,1,0.0037361333466097305,0.016629752630943483,0.006775065219947763,0.0,162.81755859375,92.8550671691505,88.005011148919
2026-06-19T22:56:58,SONOLENTO,0.9533333333333334,0.24069770438745533,0.054656510453342716,0.07168635841058563,0.06666666666666667,1,0.0032235554168268316,0.016629752630943483,0.006448783417810354,0.0,162.97885091145832,92.76390218268506,89.77079988093907
2026-06-19T22:56:58,SONOLENTO,0.9533333333333334,0.23699510314129324,0.054656510453342716,0.07034899908918855,0.06666666666666667,1,0.003248253231870446,0.016629752630943483,0.006497437774693842,0.0,163.01861328125,92.73930976355582,91.1067083155208
2026-06-19T22:56:59,SONOLENTO,0.9466666666666667,0.2320283903369201,0.054656510453342716,0.06664144469237984,0.06666666666666667,1,0.0037852593587962527,0.016629752630943483,0.006862282833845916,0.0,163.20241861979167,92.67385509397137,90.2822627480401
2026-06-19T22:56:59,SONOLENTO,0.9466666666666667,0.2281959881398948,0.054656510453342716,0.06347138039024376,0.06666666666666667,1,0.0037852593587962527,0.016629752630943483,0.006862282833845916,0.0,163.07175455729165,92.75782282742814,89.22065281040403
2026-06-19T22:56:59,SONOLENTO,0.9466666666666667,0.22670511711013627,0.054656510453342716,0.06104506645714171,0.06666666666666667,1,0.0037852593587962527,0.016629752630943483,0.006862282833845916,0.0,162.73154622395833,92.85791915969843,92.67037975301743
2026-06-19T22:57:00,SONOLENTO,0.8466666666666667,0.21703135918501182,0.04037209779646632,0.06656239042538696,0.1,1,0.0043305363801352205,0.016629752630943483,0.007182296266890221,0.0,162.3190234375,92.92357478104248,90.21635012053383
2026-06-19T22:57:00,SONOLENTO,0.8333333333333334,0.2259978264070797,0.04037209779646632,0.06557792722116523,0.06666666666666667,1,0.0037847479445819597,0.016629752630943483,0.006861345167642583,0.0,161.996826171875,93.12938657009187,89.35895303408304
2026-06-19T22:57:00,SONOLENTO,0.8466666666666667,0.23029729965091764,0.04037209779646632,0.07124013909060353,0.06666666666666667,1,0.0032473930443993257,0.016629752630943483,0.006495714299923282,0.0,162.11138020833334,92.97893345863591,90.04800435043971
2026-06-19T22:57:01,SONOLENTO,0.8466666666666667,0.23360790692100927,0.04037209779646632,0.07524339261035996,0.06666666666666667,1,0.0032473930443993257,0.016629752630943483,0.006495714299923283,0.0,162.14937174479167,92.96719793485173,91.1042685953776
2026-06-19T22:57:01,SONOLENTO,0.84,0.23681134511696142,0.04037209779646632,0.07934169008906539,0.06666666666666667,1,0.003775894704570986,0.016629752630943483,0.006845575591223848,0.0,161.92042643229166,93.1749414782731,89.51577553811603
2026-06-19T22:57:01,SONOLENTO,0.84,0.23937354166656724,0.04037209779646632,0.08210192735181623,0.06666666666666667,1,0.003775894704570986,0.016629752630943483,0.006845575591223848,0.0,161.86592447916667,93.21137387877778,93.42570812157525
2026-06-19T22:57:02,SONOLENTO,0.8266666666666667,0.24166355297638495,0.04037209779646632,0.08432743412671988,0.06666666666666667,1,0.011526806157586717,0.23252734359047192,0.04159989034090475,0.03333333333333333,161.46975911458333,93.16652983826022,84.59759793052673
2026-06-19T22:57:02,SONOLENTO,0.76,0.24350460219722228,0.04037209779646632,0.08584343656318472,0.06666666666666667,1,0.028485514038668548,0.508761236432455,0.09838661909222568,0.06666666666666667,159.88743815104166,93.79165141980451,88.27351987837686
2026-06-19T22:57:02,SONOLENTO,0.76,0.2454587211135206,0.04037209779646632,0.08725412622597277,0.06666666666666667,1,0.05697210110953959,0.8545976121261313,0.1777360411115309,0.1,158.35162109375,94.38734253922422,81.25893809165954
2026-06-19T22:57:03,SONOLENTO,0.74,0.24721169664690767,0.04037209779646632,0.0879264580228316,0.06666666666666667,1,0.08555999884049138,0.8737471157363277,0.23011857093193985,0.13333333333333333,156.37652994791668,95.15936456282381,74.53534220122232
2026-06-19T22:57:03,SONOLENTO,0.72,0.248039483937105,0.04037209779646632,0.0882266971885823,0.06666666666666667,1,0.11825121745647643,0.9807365584795514,0.2799164034088536,0.16666666666666666,154.47320963541668,95.33949671483936,79.7950760131412
2026-06-19T22:57:03,SONOLENTO,0.72,0.2501568850594631,0.04037209779646632,0.0883488859444941,0.06666666666666667,1,0.1509402431514219,0.9807365584795514,0.31876442453827986,0.2,154.536279296875,94.9179300049089,79.89951672209632
2026-06-19T22:57:04,SONOLENTO,0.6933333333333334,0.2511102069557068,0.04037209779646632,0.08834341455500555,0.06666666666666667,1,0.17676490783855742,0.9807365584795514,0.33638561487784663,0.23333333333333334,155.28136067708334,94.72070582618701,82.02600781520208
2026-06-19T22:57:04,SONOLENTO,0.6933333333333334,0.2512131150316273,0.04037209779646632,0.08834246937492694,0.06666666666666667,1,0.20254562284391914,0.9807365584795514,0.3511634138009254,0.26666666666666666,155.83486653645832,94.51906774025068,80.81955337316724
2026-06-19T22:57:04,SONOLENTO,0.6933333333333334,0.25014649558239255,0.04037209779646632,0.0885039647250779,0.06666666666666667,1,0.2294382625864473,0.9807365584795514,0.3652327728401516,0.3,155.939462890625,94.746846246563,80.70409891747367
2026-06-19T22:57:05,SONOLENTO,0.68,0.25054332640827026,0.04037209779646632,0.08850623649893964,0.06666666666666667,1,0.2541653590337563,0.9807365584795514,0.3738712932599543,0.3333333333333333,156.55523763020832,94.66056510936876,81.6416873503685
2026-06-19T22:57:05,SONOLENTO,0.68,0.2516276765815184,0.04037209779646632,0.08865186238930998,0.06666666666666667,1,0.27802722954272,0.9807365584795514,0.3796871069907763,0.36666666666666664,156.64824544270834,94.69420064908921,82.08219013085895
2026-06-19T22:57:05,SONOLENTO,0.68,0.25627069294426136,0.04037209779646632,0.08714996817832395,0.06666666666666667,1,0.30109390436804406,0.9807365584795514,0.38405402161146446,0.4,156.83616861979166,94.6375419557688,82.72160824139912
2026-06-19T22:57:06,SONOLENTO,0.68,0.2587010879327527,0.04037209779646632,0.08717180432691905,0.06666666666666667,1,0.3252272919051809,0.9807365584795514,0.3871109029517036,0.43333333333333335,156.8666796875,94.72618055736197,80.20279646742078
2026-06-19T22:57:06,SONOLENTO,0.6933333333333334,0.26640788392935605,0.04037209779646632,0.07858950334097659,0.03333333333333333,1,0.3470376893840116,0.9807365584795514,0.3875418569733028,0.4666666666666667,157.07489583333333,94.75520882224619,84.04133791906567
2026-06-19T22:57:06,SONOLENTO,0.6933333333333334,0.2702085365044259,0.04037209779646632,0.0763920327240023,0.03333333333333333,1,0.36800314860468014,0.9807365584795514,0.3852064975910411,0.5,157.27446614583334,94.85289783094949,82.99952579370074
2026-06-19T22:57:07,SONOLENTO,0.7066666666666667,0.27403991407035605,0.04037209779646632,0.07411951273639629,0.03333333333333333,1,0.38945068520086223,0.9807365584795514,0.3820188892544858,0.5333333333333333,157.120576171875,94.90430111217246,83.7153990679317
2026-06-19T22:57:07,SONOLENTO,0.7133333333333334,0.27744755288913,0.04037209779646632,0.07251691579743937,0.03333333333333333,1,0.41318503442469356,0.9807365584795514,0.37919384919916677,0.5666666666666667,156.87055013020833,94.93336093345602,80.14713325575721
2026-06-19T22:57:07,SONOLENTO,0.7133333333333334,0.2816414433733506,0.04037209779646632,0.07022241489305915,0.03333333333333333,1,0.42258550319392146,0.9807365584795514,0.3722665776373065,0.6,157.45830729166667,94.38253839925488,80.58052200189167
2026-06-19T22:57:08,SONOLENTO,0.7066666666666667,0.28577118313759203,0.04037209779646632,0.0671038390547062,0.03333333333333333,1,0.423082794121286,0.9807365584795514,0.37171128662171554,0.6,158.11797526041667,93.98510607468175,86.63512289615207
2026-06-19T22:57:08,SONOLENTO,0.7066666666666667,0.2882053709485539,0.04037209779646632,0.06567883913260471,0.03333333333333333,1,0.4235878446263366,0.9807365584795514,0.3711459570689674,0.6,157.84538736979167,93.95600531860309,84.87430765787761
2026-06-19T22:57:08,SONOLENTO,0.7066666666666667,0.29098570490485226,0.04037209779646632,0.0640095483900389,0.03333333333333333,1,0.4230425676049976,0.9807365584795514,0.37175536276844245,0.6,157.82455729166668,94.10604149244045,84.27522916649713
2026-06-19T22:57:09,SONOLENTO,0.7266666666666667,0.29407400461135924,0.04037209779646632,0.06229483349940793,0.03333333333333333,1,0.42250556147807183,0.9807365584795514,0.3723539485564963,0.6,158.15466471354168,94.14581143070666,82.90832357444764
2026-06-19T22:57:09,SONOLENTO,0.7533333333333333,0.29659327957743914,0.04037209779646632,0.06102393219801985,0.03333333333333333,1,0.42250556147807183,0.9807365584795514,0.3723539485564963,0.6,158.22090494791667,94.13587702322144,84.49817666370605
2026-06-19T22:57:09,SONOLENTO,0.74,0.29630498386009135,0.04037209779646632,0.06099730070398861,0.03333333333333333,1,0.4225055614780719,0.9807365584795514,0.3723539485564963,0.6,158.45567708333334,94.11244822966376,80.3162055964046
2026-06-19T22:57:10,SONOLENTO,0.7333333333333333,0.30538323566766384,0.22129247868012272,0.03826028414287081,0.0,0,0.4219602844567329,0.9807365584795514,0.3729597981228106,0.6,158.543525390625,93.98968295176714,82.16066959354612
2026-06-19T22:57:10,SONOLENTO,0.7266666666666667,0.30370837360460257,0.22129247868012272,0.03741533429780408,0.0,0,0.4219602844567329,0.9807365584795514,0.37295979812281066,0.6,158.50255533854167,94.05482024978967,83.12129539149602
2026-06-19T22:57:10,SONOLENTO,0.7,0.3002757781464028,0.22129247868012272,0.03462800366353532,0.0,0,0.4219602844567329,0.9807365584795514,0.3729597981228106,0.6,158.539765625,94.0465742024445,84.73052461204529
2026-06-19T22:57:11,SONOLENTO,0.5466666666666666,0.29559056877175327,0.22129247868012272,0.03436099536309553,0.0,0,0.4226744517602362,0.9807365584795514,0.37217079621044985,0.6,158.47310221354167,94.02795811202867,82.200679361301
2026-06-19T22:57:11,NORMAL,0.52,0.2887699516231784,0.17752638631132292,0.036729740136249266,0.0,0,0.422674983987622,0.9807365584795514,0.37217021444398435,0.6,158.56064778645833,93.90052932642871,82.80735919185214
2026-06-19T22:57:11,NORMAL,0.5133333333333333,0.2830159483430109,0.17752638631132292,0.03807077386804349,0.0,0,0.422674983987622,0.9807365584795514,0.37217021444398435,0.6,158.24789388020832,93.88687686909992,80.67055643377304
2026-06-19T22:57:12,NORMAL,0.52,0.2790699996849206,0.17752638631132292,0.03642804451433607,0.0,0,0.4149240725346063,0.9807365584795514,0.3784184532880761,0.5666666666666667,157.984140625,93.90922119421042,79.71111095475091
2026-06-19T22:57:12,NORMAL,0.5466666666666666,0.27695471247319836,0.17752638631132292,0.03461039936279845,0.0,0,0.3979653646535245,0.9807365584795514,0.38517287950211965,0.5333333333333333,157.41800130208333,93.8188520510237,81.38343737585278
2026-06-19T22:57:12,NORMAL,0.5533333333333333,0.2761931914239107,0.17752638631132292,0.033531361990492795,0.0,0,0.3694787775826534,0.9807365584795514,0.38193643737591426,0.5,156.60232096354167,93.5938135389523,82.35304070837233
2026-06-19T22:57:13,NORMAL,0.5466666666666666,0.2769984968774748,0.17752638631132292,0.03451850482358273,0.0,0,0.34035387372477577,0.9807365584795514,0.37563472839714723,0.4666666666666667,156.11155598958334,93.46066893240406,81.45949267314275
2026-06-19T22:57:13,NORMAL,0.5466666666666666,0.27790770179015956,0.17752638631132292,0.035252757576540686,0.0,0,0.30766265510879076,0.9806707708483641,0.3608662161396168,0.43333333333333335,156.20218424479165,93.65402005489469,80.30877169761658
2026-06-19T22:57:13,NORMAL,0.5466666666666666,0.27727361616547497,0.17752638631132292,0.035273399038747814,0.0,0,0.27497362941384534,0.806779192275846,0.34236393852149277,0.4,155.96230143229167,93.49610847260499,80.94953021917343
2026-06-19T22:57:14,NORMAL,0.5466666666666666,0.2782426587080806,0.17752638631132292,0.035306455597359766,0.0,0,0.24914896472670975,0.806779192275846,0.33277763966722645,0.36666666666666664,155.93161458333333,93.39404287216452,78.28279771778318
2026-06-19T22:57:14,NORMAL,0.5066666666666667,0.27576084731978134,0.17743953682946784,0.03944557589613068,0.0,0,0.22336824972134803,0.806779192275846,0.32091031631543515,0.3333333333333333,156.52593098958334,93.56055197666123,80.93770123274062
2026-06-19T22:57:14,NORMAL,0.5066666666666667,0.2775563905278338,0.17743953682946784,0.03812936041944118,0.0,0,0.19647560997881985,0.7418128934192705,0.3042658683044479,0.3,156.757158203125,93.74033975852649,81.75798688553704
2026-06-19T22:57:15,NORMAL,0.5066666666666667,0.27923639989351573,0.17743953682946784,0.03828799256254939,0.0,0,0.17174851353151083,0.7240016261141046,0.2886866000871701,0.26666666666666666,156.88401041666665,93.8434137568063,83.29104718691507
2026-06-19T22:57:15,SONOLENTO,0.7,0.2710298616022404,0.03305058071617289,0.05847111838894753,0.03333333333333333,1,0.14788664302254712,0.7240016261141046,0.2718186525242491,0.23333333333333334,157.43119466145833,93.76116866912649,80.26125116932127
2026-06-19T22:57:15,SONOLENTO,0.7266666666666667,0.2685160958781575,0.03305058071617289,0.05899834091123944,0.03333333333333333,1,0.12479645908026035,0.7240016261141046,0.25196698745711876,0.2,157.468447265625,93.81385683144906,82.47813385416667
2026-06-19T22:57:16,NORMAL,0.95,0.2670632949659266,0.03305058071617289,0.05887155596931367,0.03333333333333333,1,0.10118384130980827,0.7120304767149402,0.22662496208261432,0.16666666666666666,157.63038736979166,93.69900191608927,81.43073333857855
2026-06-19T22:57:16,NORMAL,0.95,0.2651320459877015,0.03305058071617289,0.05917278357146337,0.03333333333333333,1,0.0788191187432794,0.7120304767149402,0.20094567732935562,0.13333333333333333,157.63646158854166,93.81348120520323,79.77271243218316
2026-06-19T22:57:16,NORMAL,0.95,0.26319277778249633,0.03305058071617289,0.05958875865307709,0.03333333333333333,1,0.057853659522610894,0.7120304767149402,0.17337259987280879,0.1,157.63982421875,93.78601596364824,83.95717197125752
2026-06-19T22:57:17,NORMAL,0.95,0.2610207457482941,0.03305058071617289,0.05994233906505953,0.03333333333333333,1,0.03640612292642877,0.7120304767149402,0.13520278746735903,0.06666666666666667,157.73371419270833,93.71540205378842,82.54700275462469
2026-06-19T22:57:17,NORMAL,0.95,0.259101421642912,0.03305058071617289,0.059829326952189094,0.03333333333333333,1,0.012671773702597432,0.2820140630768365,0.05044844580702917,0.03333333333333333,157.75895833333334,93.72007014163205,80.56776253932317
2026-06-19T22:57:17,NORMAL,0.95,0.2571361424676282,0.03305058071617289,0.05930778645446522,0.03333333333333333,1,0.003800338820927009,0.021425019105099776,0.006964831020880054,0.0,157.79607747395832,93.72490866089973,81.34502966002357
2026-06-19T22:57:18,NORMAL,0.95,0.25504739548806904,0.03305058071617289,0.05908271903605709,0.03333333333333333,1,0.0033030478935624006,0.021425019105099776,0.00667999797327188,0.0,157.61438151041668,93.81568582307229,81.48387890895208
2026-06-19T22:57:18,NORMAL,0.95,0.25304311496611864,0.03305058071617289,0.059064892307484275,0.03333333333333333,1,0.003327031276069356,0.021425019105099776,0.006723643836797975,0.0,157.616142578125,93.83945898706406,83.56585111283195
2026-06-19T22:57:18,NORMAL,0.95,0.25111008551263764,0.03305058071617289,0.05869402304432227,0.03333333333333333,1,0.003327031276069355,0.021425019105099776,0.006723643836797975,0.0,157.53695963541668,93.6902157704889,77.60530675998264
2026-06-19T22:57:19,SONOLENTO,0.78,0.24912835968379204,0.03305058071617289,0.057879895997126236,0.03333333333333333,1,0.003327031276069355,0.021425019105099776,0.006723643836797975,0.0,157.233017578125,93.42019187002478,70.77630110066731
2026-06-19T22:57:19,SONOLENTO,0.78,0.24726126224363248,0.03305058071617289,0.0570410373086653,0.03333333333333333,1,0.003327031276069355,0.021425019105099776,0.006723643836797975,0.0,156.10739908854165,93.19555083400434,72.77158032734128
2026-06-19T22:57:19,SONOLENTO,0.78,0.24676878803247157,0.03305058071617289,0.056665457727825795,0.03333333333333333,1,0.003327031276069355,0.021425019105099776,0.006723643836797975,0.0,155.52068033854167,93.0746387283181,81.07432166289223
2026-06-19T22:57:20,SONOLENTO,0.78,0.2461438663498557,0.03305058071617289,0.05603455305332637,0.03333333333333333,1,0.003327031276069355,0.021425019105099776,0.006723643836797975,0.0,155.66673177083334,93.09820199573949,79.13589353027344
2026-06-19T22:57:20,SONOLENTO,0.78,0.24486192563500622,0.03305058071617289,0.05525634950497484,0.03333333333333333,1,0.003327031276069355,0.021425019105099776,0.006723643836797975,0.0,156.12259114583333,93.12411432075768,77.01736033592225
2026-06-19T22:57:20,SONOLENTO,0.7733333333333333,0.24456496956192034,0.03305058071617289,0.05509173253403642,0.03333333333333333,1,0.0038397911108428214,0.021425019105099776,0.007029950727128529,0.0,156.85859700520834,93.22489288263904,76.89814721246296
2026-06-19T22:57:21,SONOLENTO,0.8466666666666667,0.2464522475819157,0.03305058071617289,0.055515622582489946,0.03333333333333333,1,0.0031256238073394953,0.015871016626723793,0.006252489959524819,0.0,156.72626953125,93.21378293709026,75.87487607214186
2026-06-19T22:57:21,SONOLENTO,0.8466666666666667,0.2497669274972046,0.03305058071617289,0.054255654083330274,0.03333333333333333,1,0.0031256904488825648,0.015873015873015872,0.006252625813851286,0.0,156.16801106770833,93.4374276658855,77.98565921016271
2026-06-19T22:57:21,NORMAL,0.95,0.2531616275863214,0.03305058071617289,0.053646734722376965,0.03333333333333333,1,0.0031256904488825648,0.015873015873015872,0.006252625813851285,0.0,155.73176432291666,93.54403108400054,76.46298541360431
2026-06-19T22:57:22,NORMAL,0.95,0.25615517589226583,0.03305058071617289,0.05516566564555984,0.03333333333333333,1,0.003646523782215898,0.015873015873015872,0.006611063113398807,0.0,155.63596354166665,93.25129364528678,78.74874316134982
2026-06-19T22:57:22,NORMAL,0.95,0.25894329043455294,0.03305058071617289,0.05817068975385716,0.03333333333333333,1,0.004167293548900636,0.015873015873015872,0.006911800789785964,0.0,155.4986328125,93.30358194130982,80.90655806778801
2026-06-19T22:57:22,NORMAL,0.95,0.2605045977652098,0.03305058071617289,0.06020511813001243,0.03333333333333333,1,0.004696394078001165,0.015873015873015872,0.007175069995571062,0.0,155.4462890625,93.35963763508266,83.03955754597982
2026-06-19T22:57:23,NORMAL,0.95,0.2619852964045973,0.03305058071617289,0.06241134537276561,0.03333333333333333,1,0.004696394078001165,0.015873015873015872,0.007175069995571063,0.0,155.50105143229166,93.3278220504805,81.04149863178466
2026-06-19T22:57:23,NORMAL,0.95,0.2636896101776985,0.03305058071617289,0.0646115598675434,0.03333333333333333,1,0.005225494607101693,0.015873015873015872,0.007391236296128912,0.0,155.48307291666666,93.27205810342586,79.91012305195068
2026-06-19T22:57:23,NORMAL,0.95,0.2662761135647307,0.03305058071617289,0.06622260738862287,0.03333333333333333,1,0.005225494607101694,0.015873015873015872,0.007391236296128912,0.0,154.97205078125,93.32858573585992,80.14940425278346
2026-06-19T22:57:24,NORMAL,0.95,0.26859087053241004,0.03305058071617289,0.0683142803944673,0.03333333333333333,1,0.005225494607101693,0.015873015873015872,0.007391236296128912,0.0,154.29964518229167,93.23388514062778,79.68153948360019
2026-06-19T22:57:24,NORMAL,0.95,0.27418878355115517,0.03305058071617289,0.06749139726949045,0.03333333333333333,1,0.005738254441875159,0.015873015873015872,0.0075429625001765515,0.0,153.81753255208332,93.16841399201073,78.37095826720133
2026-06-19T22:57:24,NORMAL,0.95,0.27606097324763645,0.03305058071617289,0.0682668913501714,0.03333333333333333,1,0.012703428571228392,0.208955223880597,0.037200218674368235,0.03333333333333333,153.27986002604166,92.88084963272048,77.808320960829
2026-06-19T22:57:25,NORMAL,0.95,0.2767216538350803,0.03305058071617289,0.0686598757665027,0.03333333333333333,1,0.024118953685383644,0.3424657534246575,0.06980641696122723,0.06666666666666667,152.27225911458333,92.2117258562662,76.62613875273598
2026-06-19T22:57:25,NORMAL,0.95,0.28699202521167744,0.21974781416693961,0.05261111127057535,0.0,0,0.0350885390232603,0.3424657534246575,0.08850654371064486,0.1,150.73194661458334,90.84172169927658,75.03178080088297
2026-06-19T22:57:25,NORMAL,0.95,0.2909467963035073,0.21979717640713403,0.0518615881219811,0.0,0,0.04649407633506243,0.35731589565033134,0.10559870186177917,0.13333333333333333,150.04211263020832,89.09116633305274,72.29093349150551
2026-06-19T22:57:26,NORMAL,0.95,0.293341485872095,0.21979717640713403,0.05162635346493283,0.0,0,0.05746005117585607,0.35731589565033134,0.118158158854299,0.16666666666666666,148.29334635416666,87.45990221119331,72.93896354436875
2026-06-19T22:57:26,SONOLENTO,0.6733333333333333,0.2961576266665081,0.21979717640713403,0.05026741900934278,0.0,0,0.06791946165869046,0.35731589565033134,0.12622176017793527,0.2,145.024189453125,86.06447462876635,71.86375041824977
2026-06-19T22:57:26,SONOLENTO,0.8133333333333334,0.2991318465359215,0.21979717640713403,0.048417190573849106,0.0,0,0.07601616486342953,0.35731589565033134,0.12935697421263143,0.23333333333333334,142.97352213541666,85.02487994923027,73.52299485524496
2026-06-19T22:57:27,SONOLENTO,0.7866666666666666,0.3021992007423456,0.2245064692077804,0.046156044759025586,0.0,0,0.08210478270335489,0.35731589565033134,0.12993316270777866,0.26666666666666666,141.79896158854166,84.35960791450734,74.4206852853987
2026-06-19T22:57:27,SONOLENTO,0.78,0.30499889302063404,0.2245064692077804,0.044500356602227266,0.0,0,0.08622709565269383,0.35731589565033134,0.12922273024077854,0.3,141.025771484375,83.51563030026406,78.25718410948647
2026-06-19T22:57:27,SONOLENTO,0.8066666666666666,0.3085726777235252,0.2245064692077804,0.04379354208341835,0.0,0,0.08601855977007054,0.35731589565033134,0.12934109429787624,0.3,139.89346028645832,83.00565022304745,75.72652370494207
2026-06-19T22:57:28,SONOLENTO,0.8266666666666667,0.31186766214737116,0.2245064692077804,0.041502283108599256,0.0,0,0.08601855977007054,0.35731589565033134,0.12934109429787624,0.3,139.61252604166665,83.18987162049054,80.3007043006791
2026-06-19T22:57:28,SONOLENTO,0.84,0.31563890713462667,0.23437771734076066,0.03841828933179133,0.0,0,0.08548952588251309,0.35731589565033134,0.12965899875383471,0.3,139.71943033854166,83.6062572890248,83.72442446644042
2026-06-19T22:57:28,SONOLENTO,0.8333333333333334,0.32004762294098216,0.24433862040828666,0.03637466767107763,0.0,0,0.0858262262192134,0.35731589565033134,0.12944950714442377,0.3,140.04680338541667,84.28613184672017,83.5118796148936
2026-06-19T22:57:29,SONOLENTO,0.8066666666666666,0.32406978487686083,0.24600446942984772,0.0343983215333997,0.0,0,0.08582622621921342,0.35731589565033134,0.12944950714442374,0.3,140.521015625,85.08562331747164,78.44946454695595
2026-06-19T22:57:29,SONOLENTO,0.8466666666666667,0.3281017328997761,0.2600534188622946,0.032018361555374596,0.0,0,0.08617342960495736,0.35731589565033134,0.12923262955932388,0.3,141.23298177083333,85.36049575254036,80.7142435377333
2026-06-19T22:57:29,SONOLENTO,0.8866666666666667,0.3322127014375473,0.2600534188622946,0.03382811774067582,0.0,0,0.08694147060494048,0.35731589565033134,0.128785906880675,0.3,140.76023763020834,84.56868177897866,87.8119181145562
2026-06-19T22:57:30,SONOLENTO,0.92,0.3370191432270382,0.2600534188622946,0.038035414437467864,0.0,0,0.08772588204866948,0.35731589565033134,0.12832481357945605,0.3,139.90726236979165,84.06126437671605,82.00387142680486
2026-06-19T22:57:30,SONOLENTO,0.92,0.34261194661409916,0.2708447194269341,0.03863791487210141,0.0,0,0.08805576955971275,0.35731589565033134,0.12811141394022726,0.3,138.927734375,83.87695526982183,79.09754829448063
2026-06-19T22:57:30,SONOLENTO,0.9266666666666666,0.34740490566379006,0.27696678376999095,0.03835537694686709,0.0,0,0.08786649713643709,0.35731589565033134,0.12822278759724107,0.3,137.358134765625,83.4104586988288,81.29659729002846
2026-06-19T22:57:31,SONOLENTO,0.9266666666666666,0.35217748862415565,0.27696678376999095,0.039342687305892104,0.0,0,0.08832856961393827,0.35731589565033134,0.12792995621598677,0.3,136.25618815104167,82.8425068421815,79.65099467430115
2026-06-19T22:57:31,SONOLENTO,0.9266666666666666,0.35714971988873284,0.2927073623303563,0.03894722630612351,0.0,0,0.08844644390783334,0.35731589565033134,0.12786475409227513,0.3,135.597763671875,82.55335115739727,79.50355751799478
2026-06-19T22:57:31,SONOLENTO,0.9266666666666666,0.36162535912193683,0.31156274666553563,0.038999410242099714,0.0,0,0.08876388982897968,0.35731589565033134,0.1276564287407173,0.3,137.24677083333333,82.35588949884155,76.65251861534118
2026-06-19T22:57:32,SONOLENTO,0.9333333333333333,0.3647160658593245,0.31156274666553563,0.039811766738879824,0.0,0,0.08855456937132367,0.35731589565033134,0.12778127158227276,0.3,139.43807291666667,82.78676242930348,75.81978190405103
2026-06-19T22:57:32,SONOLENTO,0.9333333333333333,0.36574453178416194,0.31156274666553563,0.040085804896173804,0.0,0,0.08803379960463893,0.35731589565033134,0.12810885690067103,0.3,140.47911783854167,84.77577303004428,76.49544448746576
2026-06-19T22:57:32,SONOLENTO,0.9066666666666666,0.35934136100638103,0.16817197260705274,0.05353536170336737,0.0,0,0.08750469907553837,0.35731589565033134,0.12843814973686352,0.3,142.612158203125,87.98271513612757,71.95831402434243
2026-06-19T22:57:33,SONOLENTO,0.9066666666666666,0.35287749767694643,0.16817197260705274,0.06227199154460356,0.0,0,0.08809377067040805,0.35731589565033134,0.1280754792984025,0.3,149.04388997395833,91.15215336239994,66.20885072682698
2026-06-19T22:57:33,SONOLENTO,0.9133333333333333,0.34892121541089094,0.16817197260705274,0.06475428980134386,0.0,0,0.08825723841534791,0.35731589565033134,0.12798629535646303,0.3,155.615,92.37020523612894,68.9965175297949
2026-06-19T22:57:33,SONOLENTO,0.9133333333333333,0.34551146664257054,0.16817197260705274,0.06752964274432673,0.0,0,0.08825723841534791,0.35731589565033134,0.12798629535646303,0.3,159.29953776041665,92.11734161431505,80.81277119995752
2026-06-19T22:57:34,SONOLENTO,0.9133333333333333,0.34202381356720324,0.16817197260705274,0.06922014942447098,0.0,0,0.08825723841534791,0.35731589565033134,0.12798629535646303,0.3,160.233486328125,92.00283619322896,80.60519117190043
2026-06-19T22:57:34,SONOLENTO,0.9133333333333333,0.3401049717602096,0.16817197260705274,0.06989518981226998,0.0,0,0.08774447858057445,0.35731589565033134,0.12830764096870365,0.3,160.27501953125,92.07598061766895,76.5406551194827
2026-06-19T22:57:34,SONOLENTO,0.9266666666666666,0.33776941755385287,0.16817197260705274,0.0713059734114232,0.0,0,0.08132545906490057,0.35731589565033134,0.12689228891665869,0.26666666666666666,160.299296875,92.05398748987936,81.20087531496684
2026-06-19T22:57:35,SONOLENTO,0.9466666666666667,0.33558451883922913,0.16817197260705274,0.07259430814432748,0.0,0,0.06990993395074532,0.35731589565033134,0.11797736225509851,0.23333333333333334,159.98472981770834,91.97238771559643,79.3771490603023
2026-06-19T22:57:35,SONOLENTO,0.9733333333333334,0.3332761416602461,0.16817197260705274,0.07347594537468592,0.0,0,0.058940348612868655,0.35731589565033134,0.10826882330806534,0.2,159.67789713541666,91.88414073579315,79.81299378839068
2026-06-19T22:57:35,NORMAL,0.95,0.33112760810333874,0.16817197260705274,0.07423345326825535,0.0,0,0.04702981875785761,0.34460233822435127,0.09342632016679961,0.16666666666666666,159.31996419270834,91.88895540907292,79.0415762732188
2026-06-19T22:57:36,NORMAL,0.95,0.32944611166983623,0.16817197260705274,0.07496663318521328,0.0,0,0.03554307415037924,0.31378231448503163,0.07562150475839476,0.13333333333333333,159.13531575520832,91.98616450221569,83.03965679723952
2026-06-19T22:57:36,NORMAL,0.95,0.3283503143913979,0.16817197260705274,0.07544641129092446,0.0,0,0.025083663667544852,0.24290109614217223,0.055414383417520675,0.1,159.19219075520834,92.03484900053975,81.9139865175777
2026-06-19T22:57:36,NORMAL,0.95,0.3266867890305293,0.16817197260705274,0.07634308251674943,0.0,0,0.016986960462805775,0.18265853519776046,0.038009066855115146,0.06666666666666667,159.04817708333334,91.99421455178522,80.41174133274289
2026-06-19T22:57:37,NORMAL,0.95,0.3247695686321956,0.16817197260705274,0.07740721403042419,0.0,0,0.010898342622880426,0.12366938848016847,0.022412811091340832,0.03333333333333333,158.94083984375,91.9740949224001,80.56822859012816
2026-06-19T22:57:37,NORMAL,0.95,0.3227452986515864,0.16817197260705274,0.07832576354536393,0.0,0,0.007304863787454371,0.02353234331186977,0.008144506247838123,0.0,159.09776041666666,92.04770824219644,80.75886057026122
2026-06-19T22:57:37,NORMAL,0.95,0.3203427455886408,0.16817197260705274,0.07850717455892987,0.0,0,0.006984365782520198,0.02353234331186977,0.00823596275217985,0.0,159.060966796875,91.98481990848575,80.49512459936142
2026-06-19T22:57:38,NORMAL,0.95,0.3189428954333155,0.16817197260705274,0.07869688048587609,0.0,0,0.006984365782520198,0.02353234331186977,0.008235962752179853,0.0,159.1022265625,92.02260336568766,80.15011558426751
2026-06-19T22:57:38,NORMAL,0.95,0.31654898081896854,0.16817197260705274,0.07918242329476023,0.0,0,0.006984365782520198,0.02353234331186977,0.008235962752179853,0.0,158.90537109375,91.91195906871569,79.56483847516378
2026-06-19T22:57:38,NORMAL,0.95,0.31104579064660254,0.16817197260705274,0.08122076217510567,0.0,0,0.006647665445819862,0.02353234331186977,0.008307826337722878,0.0,158.57302734375,92.00993237302326,80.11023415500854
2026-06-19T22:57:39,NORMAL,0.95,0.3047995503484395,0.16817197260705274,0.08398926632597285,0.0,0,0.006647665445819862,0.02353234331186977,0.008307826337722878,0.0,158.372138671875,91.91236874209505,78.27800170125961
2026-06-19T22:57:39,NORMAL,0.95,0.29762899397481424,0.15184621890855005,0.08748596795655152,0.0,0,0.006300462060075925,0.02353234331186977,0.008360568547335256,0.0,157.80045247395833,91.83170402278049,77.8477104016516
2026-06-19T22:57:39,NORMAL,0.95,0.28933376718384346,0.15184621890855005,0.0885784981744092,0.0,0,0.005532421060092799,0.02353234331186977,0.007828833660855043,0.0,157.51725260416666,91.7910432112305,74.6692339348687
2026-06-19T22:57:40,NORMAL,0.95,0.27929215535839347,0.1369169004663942,0.0882117869201517,0.03333333333333333,1,0.004748009616363806,0.020777048221211104,0.0071341211488747565,0.0,157.97584309895834,91.87926392691347,78.12083828290304
2026-06-19T22:57:40,NORMAL,0.95,0.27027653802304563,0.1369169004663942,0.08637142082995777,0.03333333333333333,1,0.004418122105320538,0.020777048221211104,0.007117211802954411,0.0,158.061328125,91.7915530652004,78.6134327738444
2026-06-19T22:57:40,NORMAL,0.95,0.2625239734001986,0.1369169004663942,0.0834548657224446,0.03333333333333333,1,0.004632199184431413,0.020777048221211104,0.007365268616035872,0.0,158.39561848958334,91.7417982983826,78.27588639398151
2026-06-19T22:57:41,NORMAL,0.95,0.25403624395191593,0.1369169004663942,0.07887229637344244,0.03333333333333333,1,0.004170126706930223,0.020777048221211104,0.007204801529871219,0.0,158.89044596354168,91.92264559565135,80.05717521284951
2026-06-19T22:57:41,SONOLENTO,0.7866666666666666,0.2469260612485996,0.1369169004663942,0.07238533249312515,0.03333333333333333,1,0.004060716374543305,0.020777048221211104,0.006994403417118492,0.0,159.75213216145832,92.04053460352306,79.65673498195011
2026-06-19T22:57:41,SONOLENTO,0.7466666666666667,0.23902778986616371,0.1369169004663942,0.06484257334063052,0.03333333333333333,1,0.0042640402200817005,0.020777048221211104,0.007234772612088188,0.0,159.85391927083333,92.1750392793501,80.50842069319619
2026-06-19T22:57:42,SONOLENTO,0.7466666666666667,0.23150798426348765,0.1369169004663942,0.05589597137755828,0.03333333333333333,1,0.004465287179177834,0.020777048221211104,0.0074539691069852405,0.0,159.75638997395833,92.24316966647858,81.7093011472914
2026-06-19T22:57:42,SONOLENTO,0.74,0.22326488728296312,0.1369169004663942,0.04960321550834288,0.06666666666666667,1,0.004465287179177834,0.020777048221211104,0.0074539691069852405,0.0,160.15151692708332,92.2925904797593,79.6993609211286
2026-06-19T22:57:42,SONOLENTO,0.74,0.22377259444058226,0.1369169004663942,0.049112239663000726,0.06666666666666667,1,0.004465287179177834,0.020777048221211104,0.0074539691069852405,0.0,161.126240234375,92.59068413892773,77.98001983387205
2026-06-19T22:57:43,SONOLENTO,0.7733333333333333,0.22310091548206185,0.1369169004663942,0.049826745527455946,0.06666666666666667,1,0.0038762155843081645,0.020777048221211104,0.007075679293744022,0.0,163.79302408854167,92.52418544408737,73.13738334549798
2026-06-19T22:57:43,SONOLENTO,0.9266666666666666,0.21940427702054938,0.1369169004663942,0.05164800106777027,0.1,1,0.0037785061521413356,0.017845765256206243,0.006858524827440497,0.0,166.92320963541667,91.87457009032246,65.51140473615858
2026-06-19T22:57:43,SONOLENTO,0.92,0.21458266627978595,0.09758576790554395,0.05587086041974824,0.13333333333333333,2,0.0037785061521413356,0.017845765256206243,0.006858524827440497,0.0,162.58502604166668,90.48891900824417,67.98127516469955
2026-06-19T22:57:44,SONOLENTO,0.9266666666666666,0.20945388598591722,0.09758576790554395,0.05861601385335394,0.16666666666666666,3,0.0037785061521413356,0.017845765256206243,0.006858524827440497,0.0,161.31437825520834,90.51765771588406,77.14234606373044
2026-06-19T22:57:44,SONOLENTO,0.9533333333333334,0.20273544913306435,0.08625856759642754,0.06076131835527805,0.2,4,0.0037785061521413356,0.017845765256206243,0.006858524827440497,0.0,158.845380859375,90.93074883204102,65.66387855423822
